file,time
2010-07-13T090002Z/ACWEconMapOld.aia.lev1_euv_12s.2010-07-13T090008Z.193.image_lev1.fits.npz,187.2110013961792
2010-07-13T100002Z/ACWEconMapOld.aia.lev1_euv_12s.2010-07-13T100008Z.193.image_lev1.fits.npz,187.87670493125916
2010-07-13T110002Z/ACWEconMapOld.aia.lev1_euv_12s.2010-07-13T110008Z.193.image_lev1.fits.npz,180.78755927085876
2010-07-13T120002Z/ACWEconMapOld.aia.lev1_euv_12s.2010-07-13T120008Z.193.image_lev1.fits.npz,169.87575316429138
2010-07-13T130002Z/ACWEconMapOld.aia.lev1_euv_12s.2010-07-13T130008Z.193.image_lev1.fits.npz,174.1357192993164
2010-07-13T140002Z/ACWEconMapOld.aia.lev1_euv_12s.2010-07-13T140008Z.193.image_lev1.fits.npz,172.12172555923462
2010-07-13T150002Z/ACWEconMapOld.aia.lev1_euv_12s.2010-07-13T150008Z.193.image_lev1.fits.npz,171.52600193023682
2010-07-13T160002Z/ACWEconMapOld.aia.lev1_euv_12s.2010-07-13T160008Z.193.image_lev1.fits.npz,197.56542944908142
2010-07-13T170002Z/ACWEconMapOld.aia.lev1_euv_12s.2010-07-13T170008Z.193.image_lev1.fits.npz,187.56587195396423
2010-07-13T180002Z/ACWEconMapOld.aia.lev1_euv_12s.2010-07-13T180008Z.193.image_lev1.fits.npz,187.66850590705872
2010-07-13T190002Z/ACWEconMapOld.aia.lev1_euv_12s.2010-07-13T190008Z.193.image_lev1.fits.npz,188.36284112930298
2010-07-13T220002Z/ACWEconMapOld.aia.lev1_euv_12s.2010-07-13T220008Z.193.image_lev1.fits.npz,172.99646544456482
2010-07-13T230002Z/ACWEconMapOld.aia.lev1_euv_12s.2010-07-13T230008Z.193.image_lev1.fits.npz,171.1280918121338
2010-07-14T000002Z/ACWEconMapOld.aia.lev1_euv_12s.2010-07-14T000008Z.193.image_lev1.fits.npz,178.96255540847778
2010-07-14T010002Z/ACWEconMapOld.aia.lev1_euv_12s.2010-07-14T010008Z.193.image_lev1.fits.npz,180.00448870658875
2010-07-14T020002Z/ACWEconMapOld.aia.lev1_euv_12s.2010-07-14T020008Z.193.image_lev1.fits.npz,182.28013038635254
2010-07-14T030002Z/ACWEconMapOld.aia.lev1_euv_12s.2010-07-14T030008Z.193.image_lev1.fits.npz,183.5272994041443
2010-07-14T040002Z/ACWEconMapOld.aia.lev1_euv_12s.2010-07-14T040008Z.193.image_lev1.fits.npz,178.9213469028473
2010-07-14T050002Z/ACWEconMapOld.aia.lev1_euv_12s.2010-07-14T050008Z.193.image_lev1.fits.npz,173.67850995063782
2010-07-14T060002Z/ACWEconMapOld.aia.lev1_euv_12s.2010-07-14T060008Z.193.image_lev1.fits.npz,174.538649559021
2010-07-14T070002Z/ACWEconMapOld.aia.lev1_euv_12s.2010-07-14T070008Z.193.image_lev1.fits.npz,162.9852433204651
2010-07-14T080002Z/ACWEconMapOld.aia.lev1_euv_12s.2010-07-14T080008Z.193.image_lev1.fits.npz,163.5166084766388
2010-07-14T090002Z/ACWEconMapOld.aia.lev1_euv_12s.2010-07-14T090008Z.193.image_lev1.fits.npz,163.27700543403625
2010-07-14T100002Z/ACWEconMapOld.aia.lev1_euv_12s.2010-07-14T100008Z.193.image_lev1.fits.npz,161.51522612571716
2010-07-14T110002Z/ACWEconMapOld.aia.lev1_euv_12s.2010-07-14T110008Z.193.image_lev1.fits.npz,162.3628213405609
2010-07-14T120002Z/ACWEconMapOld.aia.lev1_euv_12s.2010-07-14T120008Z.193.image_lev1.fits.npz,163.45651364326477
2010-07-14T230002Z/ACWEconMapOld.aia.lev1_euv_12s.2010-07-14T230008Z.193.image_lev1.fits.npz,149.51254987716675
2010-07-15T000002Z/ACWEconMapOld.aia.lev1_euv_12s.2010-07-15T000008Z.193.image_lev1.fits.npz,150.41008043289185
2010-07-15T010002Z/ACWEconMapOld.aia.lev1_euv_12s.2010-07-15T010008Z.193.image_lev1.fits.npz,166.18275618553162
2010-07-15T020002Z/ACWEconMapOld.aia.lev1_euv_12s.2010-07-15T020008Z.193.image_lev1.fits.npz,166.46652245521545
2010-07-15T030002Z/ACWEconMapOld.aia.lev1_euv_12s.2010-07-15T030008Z.193.image_lev1.fits.npz,163.36239099502563
2010-07-15T040002Z/ACWEconMapOld.aia.lev1_euv_12s.2010-07-15T040008Z.193.image_lev1.fits.npz,166.59552145004272
2010-07-15T050002Z/ACWEconMapOld.aia.lev1_euv_12s.2010-07-15T050008Z.193.image_lev1.fits.npz,162.54527497291565
2010-07-15T060002Z/ACWEconMapOld.aia.lev1_euv_12s.2010-07-15T060008Z.193.image_lev1.fits.npz,154.54564452171326
2010-07-15T070002Z/ACWEconMapOld.aia.lev1_euv_12s.2010-07-15T070008Z.193.image_lev1.fits.npz,143.9037380218506
2010-07-15T080002Z/ACWEconMapOld.aia.lev1_euv_12s.2010-07-15T080008Z.193.image_lev1.fits.npz,149.00442838668823
2010-07-15T090002Z/ACWEconMapOld.aia.lev1_euv_12s.2010-07-15T090008Z.193.image_lev1.fits.npz,162.95638370513916
2010-07-15T100002Z/ACWEconMapOld.aia.lev1_euv_12s.2010-07-15T100008Z.193.image_lev1.fits.npz,153.0591263771057
2010-07-15T110002Z/ACWEconMapOld.aia.lev1_euv_12s.2010-07-15T110008Z.193.image_lev1.fits.npz,160.74729228019714
2010-07-15T120002Z/ACWEconMapOld.aia.lev1_euv_12s.2010-07-15T120008Z.193.image_lev1.fits.npz,158.09994888305664
2010-07-15T190002Z/ACWEconMapOld.aia.lev1_euv_12s.2010-07-15T190008Z.193.image_lev1.fits.npz,154.01416301727295
2010-07-15T230002Z/ACWEconMapOld.aia.lev1_euv_12s.2010-07-15T230008Z.193.image_lev1.fits.npz,140.656587600708
2010-07-16T000002Z/ACWEconMapOld.aia.lev1_euv_12s.2010-07-16T000008Z.193.image_lev1.fits.npz,141.75640654563904
2010-07-16T010002Z/ACWEconMapOld.aia.lev1_euv_12s.2010-07-16T010008Z.193.image_lev1.fits.npz,144.88593101501465
2010-07-16T020002Z/ACWEconMapOld.aia.lev1_euv_12s.2010-07-16T020008Z.193.image_lev1.fits.npz,154.64584589004517
2010-07-16T030002Z/ACWEconMapOld.aia.lev1_euv_12s.2010-07-16T030008Z.193.image_lev1.fits.npz,145.62385392189026
2010-07-16T040002Z/ACWEconMapOld.aia.lev1_euv_12s.2010-07-16T040008Z.193.image_lev1.fits.npz,145.83239698410034
2010-07-16T050002Z/ACWEconMapOld.aia.lev1_euv_12s.2010-07-16T050008Z.193.image_lev1.fits.npz,136.44134378433228
2010-07-16T060002Z/ACWEconMapOld.aia.lev1_euv_12s.2010-07-16T060008Z.193.image_lev1.fits.npz,148.92228412628174
2010-07-16T070002Z/ACWEconMapOld.aia.lev1_euv_12s.2010-07-16T070008Z.193.image_lev1.fits.npz,147.0702784061432
2010-07-16T080002Z/ACWEconMapOld.aia.lev1_euv_12s.2010-07-16T080008Z.193.image_lev1.fits.npz,149.06436896324158
2010-07-16T090002Z/ACWEconMapOld.aia.lev1_euv_12s.2010-07-16T090008Z.193.image_lev1.fits.npz,142.91648292541504
2010-07-16T100002Z/ACWEconMapOld.aia.lev1_euv_12s.2010-07-16T100008Z.193.image_lev1.fits.npz,171.38815140724182
2010-07-16T110002Z/ACWEconMapOld.aia.lev1_euv_12s.2010-07-16T110008Z.193.image_lev1.fits.npz,149.02062392234802
2010-07-16T120002Z/ACWEconMapOld.aia.lev1_euv_12s.2010-07-16T120008Z.193.image_lev1.fits.npz,147.93504691123962
2010-07-16T130002Z/ACWEconMapOld.aia.lev1_euv_12s.2010-07-16T130008Z.193.image_lev1.fits.npz,164.28951334953308
2010-07-16T140002Z/ACWEconMapOld.aia.lev1_euv_12s.2010-07-16T140008Z.193.image_lev1.fits.npz,188.49129986763
2010-07-16T150002Z/ACWEconMapOld.aia.lev1_euv_12s.2010-07-16T150008Z.193.image_lev1.fits.npz,199.19787168502808
2010-07-16T160002Z/ACWEconMapOld.aia.lev1_euv_12s.2010-07-16T160008Z.193.image_lev1.fits.npz,180.87909841537476
2010-07-16T170002Z/ACWEconMapOld.aia.lev1_euv_12s.2010-07-16T170008Z.193.image_lev1.fits.npz,190.75568318367004
2010-07-16T180002Z/ACWEconMapOld.aia.lev1_euv_12s.2010-07-16T180008Z.193.image_lev1.fits.npz,145.96654534339905
2010-07-16T190002Z/ACWEconMapOld.aia.lev1_euv_12s.2010-07-16T190008Z.193.image_lev1.fits.npz,188.71681880950928
2010-07-16T200002Z/ACWEconMapOld.aia.lev1_euv_12s.2010-07-16T200008Z.193.image_lev1.fits.npz,204.04887986183167
2010-07-16T220002Z/ACWEconMapOld.aia.lev1_euv_12s.2010-07-16T220008Z.193.image_lev1.fits.npz,218.74487400054932
2010-07-16T230002Z/ACWEconMapOld.aia.lev1_euv_12s.2010-07-16T230008Z.193.image_lev1.fits.npz,235.73667979240417
2010-07-17T000002Z/ACWEconMapOld.aia.lev1_euv_12s.2010-07-17T000008Z.193.image_lev1.fits.npz,148.1877942085266
2010-07-17T010002Z/ACWEconMapOld.aia.lev1_euv_12s.2010-07-17T010008Z.193.image_lev1.fits.npz,260.48219418525696
2010-07-17T020002Z/ACWEconMapOld.aia.lev1_euv_12s.2010-07-17T020008Z.193.image_lev1.fits.npz,243.2734398841858
2010-07-17T030002Z/ACWEconMapOld.aia.lev1_euv_12s.2010-07-17T030008Z.193.image_lev1.fits.npz,231.07184672355652
2010-07-17T040002Z/ACWEconMapOld.aia.lev1_euv_12s.2010-07-17T040008Z.193.image_lev1.fits.npz,217.22386622428894
2010-07-17T050002Z/ACWEconMapOld.aia.lev1_euv_12s.2010-07-17T050008Z.193.image_lev1.fits.npz,235.2369270324707
2010-07-17T060002Z/ACWEconMapOld.aia.lev1_euv_12s.2010-07-17T060008Z.193.image_lev1.fits.npz,230.11463713645935
2010-07-17T070002Z/ACWEconMapOld.aia.lev1_euv_12s.2010-07-17T070008Z.193.image_lev1.fits.npz,209.3655068874359
2010-07-17T080002Z/ACWEconMapOld.aia.lev1_euv_12s.2010-07-17T080008Z.193.image_lev1.fits.npz,209.06228256225586
2010-07-17T090002Z/ACWEconMapOld.aia.lev1_euv_12s.2010-07-17T090008Z.193.image_lev1.fits.npz,213.45217275619507
2010-07-17T100002Z/ACWEconMapOld.aia.lev1_euv_12s.2010-07-17T100008Z.193.image_lev1.fits.npz,244.25014305114746
2010-07-17T110002Z/ACWEconMapOld.aia.lev1_euv_12s.2010-07-17T110008Z.193.image_lev1.fits.npz,233.94563174247742
2010-07-17T120002Z/ACWEconMapOld.aia.lev1_euv_12s.2010-07-17T120008Z.193.image_lev1.fits.npz,220.56248879432678
2010-07-17T130002Z/ACWEconMapOld.aia.lev1_euv_12s.2010-07-17T130008Z.193.image_lev1.fits.npz,211.855623960495
2010-07-17T140002Z/ACWEconMapOld.aia.lev1_euv_12s.2010-07-17T140008Z.193.image_lev1.fits.npz,197.89772486686707
2010-07-17T150002Z/ACWEconMapOld.aia.lev1_euv_12s.2010-07-17T150008Z.193.image_lev1.fits.npz,197.15421319007874
2010-07-17T160002Z/ACWEconMapOld.aia.lev1_euv_12s.2010-07-17T160008Z.193.image_lev1.fits.npz,198.39967799186707
2010-07-17T170002Z/ACWEconMapOld.aia.lev1_euv_12s.2010-07-17T170008Z.193.image_lev1.fits.npz,207.6953580379486
2010-07-17T180002Z/ACWEconMapOld.aia.lev1_euv_12s.2010-07-17T180008Z.193.image_lev1.fits.npz,200.60318183898926
2010-07-17T190002Z/ACWEconMapOld.aia.lev1_euv_12s.2010-07-17T190008Z.193.image_lev1.fits.npz,195.5129532814026
2010-07-17T200002Z/ACWEconMapOld.aia.lev1_euv_12s.2010-07-17T200008Z.193.image_lev1.fits.npz,191.50739312171936
2010-07-17T220002Z/ACWEconMapOld.aia.lev1_euv_12s.2010-07-17T220008Z.193.image_lev1.fits.npz,192.087327003479
2010-07-17T230002Z/ACWEconMapOld.aia.lev1_euv_12s.2010-07-17T230008Z.193.image_lev1.fits.npz,205.30817985534668
2010-07-18T000002Z/ACWEconMapOld.aia.lev1_euv_12s.2010-07-18T000008Z.193.image_lev1.fits.npz,196.3920657634735
2010-07-18T010002Z/ACWEconMapOld.aia.lev1_euv_12s.2010-07-18T010008Z.193.image_lev1.fits.npz,201.17710065841675
2010-07-18T020002Z/ACWEconMapOld.aia.lev1_euv_12s.2010-07-18T020008Z.193.image_lev1.fits.npz,197.8275842666626
2010-07-18T030002Z/ACWEconMapOld.aia.lev1_euv_12s.2010-07-18T030008Z.193.image_lev1.fits.npz,211.60668754577637
2010-07-18T040002Z/ACWEconMapOld.aia.lev1_euv_12s.2010-07-18T040008Z.193.image_lev1.fits.npz,205.07775402069092
2010-07-18T050002Z/ACWEconMapOld.aia.lev1_euv_12s.2010-07-18T050008Z.193.image_lev1.fits.npz,206.74743485450745
2010-07-18T060002Z/ACWEconMapOld.aia.lev1_euv_12s.2010-07-18T060008Z.193.image_lev1.fits.npz,192.98401856422424
2010-07-18T070002Z/ACWEconMapOld.aia.lev1_euv_12s.2010-07-18T070008Z.193.image_lev1.fits.npz,209.87461233139038
2010-07-18T080002Z/ACWEconMapOld.aia.lev1_euv_12s.2010-07-18T080008Z.193.image_lev1.fits.npz,206.62155771255493
2010-07-18T090002Z/ACWEconMapOld.aia.lev1_euv_12s.2010-07-18T090008Z.193.image_lev1.fits.npz,210.07575678825378
2010-07-18T100002Z/ACWEconMapOld.aia.lev1_euv_12s.2010-07-18T100008Z.193.image_lev1.fits.npz,209.46789383888245
2010-07-18T110002Z/ACWEconMapOld.aia.lev1_euv_12s.2010-07-18T110008Z.193.image_lev1.fits.npz,216.47206330299377
2010-07-18T120002Z/ACWEconMapOld.aia.lev1_euv_12s.2010-07-18T120008Z.193.image_lev1.fits.npz,214.9483335018158
2010-07-18T130002Z/ACWEconMapOld.aia.lev1_euv_12s.2010-07-18T130008Z.193.image_lev1.fits.npz,217.29885005950928
2010-07-18T140002Z/ACWEconMapOld.aia.lev1_euv_12s.2010-07-18T140008Z.193.image_lev1.fits.npz,200.87910223007202
2010-07-18T150002Z/ACWEconMapOld.aia.lev1_euv_12s.2010-07-18T150008Z.193.image_lev1.fits.npz,223.33886647224426
2010-07-18T160002Z/ACWEconMapOld.aia.lev1_euv_12s.2010-07-18T160008Z.193.image_lev1.fits.npz,212.5949523448944
2010-07-18T170002Z/ACWEconMapOld.aia.lev1_euv_12s.2010-07-18T170008Z.193.image_lev1.fits.npz,194.49057412147522
2010-07-18T180002Z/ACWEconMapOld.aia.lev1_euv_12s.2010-07-18T180008Z.193.image_lev1.fits.npz,200.5346119403839
2010-07-18T190002Z/ACWEconMapOld.aia.lev1_euv_12s.2010-07-18T190008Z.193.image_lev1.fits.npz,199.00471234321594
2010-07-18T200002Z/ACWEconMapOld.aia.lev1_euv_12s.2010-07-18T200008Z.193.image_lev1.fits.npz,199.16077256202698
2010-07-18T220002Z/ACWEconMapOld.aia.lev1_euv_12s.2010-07-18T220008Z.193.image_lev1.fits.npz,204.68746066093445
2010-07-18T230002Z/ACWEconMapOld.aia.lev1_euv_12s.2010-07-18T230008Z.193.image_lev1.fits.npz,208.12973022460938
2010-07-19T000002Z/ACWEconMapOld.aia.lev1_euv_12s.2010-07-19T000008Z.193.image_lev1.fits.npz,178.73624181747437
2010-07-19T010002Z/ACWEconMapOld.aia.lev1_euv_12s.2010-07-19T010008Z.193.image_lev1.fits.npz,190.57517623901367
2010-07-19T020002Z/ACWEconMapOld.aia.lev1_euv_12s.2010-07-19T020008Z.193.image_lev1.fits.npz,201.38824105262756
2010-07-19T030002Z/ACWEconMapOld.aia.lev1_euv_12s.2010-07-19T030008Z.193.image_lev1.fits.npz,189.72448921203613
2010-07-19T040002Z/ACWEconMapOld.aia.lev1_euv_12s.2010-07-19T040008Z.193.image_lev1.fits.npz,193.56099891662598
2010-07-19T050002Z/ACWEconMapOld.aia.lev1_euv_12s.2010-07-19T050008Z.193.image_lev1.fits.npz,188.88966274261475
2010-07-19T060002Z/ACWEconMapOld.aia.lev1_euv_12s.2010-07-19T060008Z.193.image_lev1.fits.npz,189.24992418289185
2010-07-19T070002Z/ACWEconMapOld.aia.lev1_euv_12s.2010-07-19T070008Z.193.image_lev1.fits.npz,184.20908498764038
2010-07-19T080002Z/ACWEconMapOld.aia.lev1_euv_12s.2010-07-19T080008Z.193.image_lev1.fits.npz,187.67742133140564
2010-07-19T090002Z/ACWEconMapOld.aia.lev1_euv_12s.2010-07-19T090008Z.193.image_lev1.fits.npz,196.1891713142395
2010-07-19T100002Z/ACWEconMapOld.aia.lev1_euv_12s.2010-07-19T100008Z.193.image_lev1.fits.npz,189.10177993774414
2010-07-19T110002Z/ACWEconMapOld.aia.lev1_euv_12s.2010-07-19T110008Z.193.image_lev1.fits.npz,189.2952539920807
2010-07-19T120002Z/ACWEconMapOld.aia.lev1_euv_12s.2010-07-19T120008Z.193.image_lev1.fits.npz,206.95110988616943
2010-07-19T130002Z/ACWEconMapOld.aia.lev1_euv_12s.2010-07-19T130008Z.193.image_lev1.fits.npz,209.87453937530518
2010-07-19T140002Z/ACWEconMapOld.aia.lev1_euv_12s.2010-07-19T140008Z.193.image_lev1.fits.npz,201.00454258918762
2010-07-19T150002Z/ACWEconMapOld.aia.lev1_euv_12s.2010-07-19T150008Z.193.image_lev1.fits.npz,185.8193986415863
2010-07-19T160002Z/ACWEconMapOld.aia.lev1_euv_12s.2010-07-19T160008Z.193.image_lev1.fits.npz,201.7721552848816
2010-07-19T170002Z/ACWEconMapOld.aia.lev1_euv_12s.2010-07-19T170008Z.193.image_lev1.fits.npz,191.7590491771698
2010-07-19T180002Z/ACWEconMapOld.aia.lev1_euv_12s.2010-07-19T180008Z.193.image_lev1.fits.npz,200.2970690727234
2010-07-19T190002Z/ACWEconMapOld.aia.lev1_euv_12s.2010-07-19T190008Z.193.image_lev1.fits.npz,195.49309468269348
2010-07-19T200002Z/ACWEconMapOld.aia.lev1_euv_12s.2010-07-19T200008Z.193.image_lev1.fits.npz,200.2270588874817
2010-07-19T220002Z/ACWEconMapOld.aia.lev1_euv_12s.2010-07-19T220008Z.193.image_lev1.fits.npz,192.93853878974915
2010-07-19T230002Z/ACWEconMapOld.aia.lev1_euv_12s.2010-07-19T230008Z.193.image_lev1.fits.npz,208.45346403121948
2010-07-20T000002Z/ACWEconMapOld.aia.lev1_euv_12s.2010-07-20T000008Z.193.image_lev1.fits.npz,216.46450304985046
2010-07-20T010002Z/ACWEconMapOld.aia.lev1_euv_12s.2010-07-20T010008Z.193.image_lev1.fits.npz,220.60465836524963
2010-07-20T020002Z/ACWEconMapOld.aia.lev1_euv_12s.2010-07-20T020008Z.193.image_lev1.fits.npz,199.10640716552734
2010-07-20T030002Z/ACWEconMapOld.aia.lev1_euv_12s.2010-07-20T030008Z.193.image_lev1.fits.npz,213.73360753059387
2010-07-20T040002Z/ACWEconMapOld.aia.lev1_euv_12s.2010-07-20T040008Z.193.image_lev1.fits.npz,221.50328516960144
2010-07-20T050002Z/ACWEconMapOld.aia.lev1_euv_12s.2010-07-20T050008Z.193.image_lev1.fits.npz,205.93159079551697
2010-07-20T060002Z/ACWEconMapOld.aia.lev1_euv_12s.2010-07-20T060008Z.193.image_lev1.fits.npz,218.7892200946808
2010-07-20T070002Z/ACWEconMapOld.aia.lev1_euv_12s.2010-07-20T070008Z.193.image_lev1.fits.npz,203.26861882209778
2010-07-20T080002Z/ACWEconMapOld.aia.lev1_euv_12s.2010-07-20T080008Z.193.image_lev1.fits.npz,213.5123553276062
2010-07-20T090002Z/ACWEconMapOld.aia.lev1_euv_12s.2010-07-20T090008Z.193.image_lev1.fits.npz,205.0340976715088
2010-07-20T100002Z/ACWEconMapOld.aia.lev1_euv_12s.2010-07-20T100008Z.193.image_lev1.fits.npz,221.9581196308136
2010-07-20T110002Z/ACWEconMapOld.aia.lev1_euv_12s.2010-07-20T110008Z.193.image_lev1.fits.npz,226.8986234664917
2010-07-20T120002Z/ACWEconMapOld.aia.lev1_euv_12s.2010-07-20T120008Z.193.image_lev1.fits.npz,230.23624634742737
2010-07-20T130002Z/ACWEconMapOld.aia.lev1_euv_12s.2010-07-20T130008Z.193.image_lev1.fits.npz,212.7634198665619
2010-07-20T140002Z/ACWEconMapOld.aia.lev1_euv_12s.2010-07-20T140008Z.193.image_lev1.fits.npz,227.4898419380188
2010-07-20T150002Z/ACWEconMapOld.aia.lev1_euv_12s.2010-07-20T150008Z.193.image_lev1.fits.npz,222.9293065071106
2010-07-20T160002Z/ACWEconMapOld.aia.lev1_euv_12s.2010-07-20T160008Z.193.image_lev1.fits.npz,204.31917214393616
2010-07-20T170002Z/ACWEconMapOld.aia.lev1_euv_12s.2010-07-20T170008Z.193.image_lev1.fits.npz,211.92342829704285
2010-07-20T180002Z/ACWEconMapOld.aia.lev1_euv_12s.2010-07-20T180008Z.193.image_lev1.fits.npz,212.8840615749359
2010-07-20T190002Z/ACWEconMapOld.aia.lev1_euv_12s.2010-07-20T190008Z.193.image_lev1.fits.npz,213.06538486480713
2010-07-20T200002Z/ACWEconMapOld.aia.lev1_euv_12s.2010-07-20T200008Z.193.image_lev1.fits.npz,221.03275537490845
2010-07-20T220002Z/ACWEconMapOld.aia.lev1_euv_12s.2010-07-20T220009Z.193.image_lev1.fits.npz,220.13385677337646
2010-07-20T230002Z/ACWEconMapOld.aia.lev1_euv_12s.2010-07-20T230009Z.193.image_lev1.fits.npz,208.40145254135132
2010-07-21T000002Z/ACWEconMapOld.aia.lev1_euv_12s.2010-07-21T000009Z.193.image_lev1.fits.npz,211.04574942588806
2010-07-21T010002Z/ACWEconMapOld.aia.lev1_euv_12s.2010-07-21T010009Z.193.image_lev1.fits.npz,210.43343710899353
2010-07-21T020002Z/ACWEconMapOld.aia.lev1_euv_12s.2010-07-21T020009Z.193.image_lev1.fits.npz,218.09412932395935
2010-07-21T030002Z/ACWEconMapOld.aia.lev1_euv_12s.2010-07-21T030009Z.193.image_lev1.fits.npz,217.2953577041626
2010-07-21T040002Z/ACWEconMapOld.aia.lev1_euv_12s.2010-07-21T040009Z.193.image_lev1.fits.npz,211.43287110328674
2010-07-21T050002Z/ACWEconMapOld.aia.lev1_euv_12s.2010-07-21T050009Z.193.image_lev1.fits.npz,208.5429241657257
2010-07-21T060002Z/ACWEconMapOld.aia.lev1_euv_12s.2010-07-21T060009Z.193.image_lev1.fits.npz,202.69472241401672
2010-07-21T070002Z/ACWEconMapOld.aia.lev1_euv_12s.2010-07-21T070009Z.193.image_lev1.fits.npz,202.50052309036255
2010-07-21T080002Z/ACWEconMapOld.aia.lev1_euv_12s.2010-07-21T080009Z.193.image_lev1.fits.npz,188.875732421875
2010-07-21T090002Z/ACWEconMapOld.aia.lev1_euv_12s.2010-07-21T090009Z.193.image_lev1.fits.npz,191.84813976287842
2010-07-21T100002Z/ACWEconMapOld.aia.lev1_euv_12s.2010-07-21T100009Z.193.image_lev1.fits.npz,200.54789757728577
2010-07-21T110002Z/ACWEconMapOld.aia.lev1_euv_12s.2010-07-21T110009Z.193.image_lev1.fits.npz,201.0754189491272
2010-07-21T120002Z/ACWEconMapOld.aia.lev1_euv_12s.2010-07-21T120009Z.193.image_lev1.fits.npz,193.55885481834412
2010-07-21T130002Z/ACWEconMapOld.aia.lev1_euv_12s.2010-07-21T130009Z.193.image_lev1.fits.npz,192.8901789188385
2010-07-21T140002Z/ACWEconMapOld.aia.lev1_euv_12s.2010-07-21T140009Z.193.image_lev1.fits.npz,192.280916929245
2010-07-21T150002Z/ACWEconMapOld.aia.lev1_euv_12s.2010-07-21T150009Z.193.image_lev1.fits.npz,197.77603816986084
2010-07-21T160002Z/ACWEconMapOld.aia.lev1_euv_12s.2010-07-21T160009Z.193.image_lev1.fits.npz,205.6700258255005
2010-07-21T170002Z/ACWEconMapOld.aia.lev1_euv_12s.2010-07-21T170009Z.193.image_lev1.fits.npz,202.38233351707458
2010-07-21T180002Z/ACWEconMapOld.aia.lev1_euv_12s.2010-07-21T180009Z.193.image_lev1.fits.npz,203.87598848342896
2010-07-21T190002Z/ACWEconMapOld.aia.lev1_euv_12s.2010-07-21T190009Z.193.image_lev1.fits.npz,206.90606570243835
2010-07-21T200002Z/ACWEconMapOld.aia.lev1_euv_12s.2010-07-21T200009Z.193.image_lev1.fits.npz,212.3665337562561
2010-07-21T220002Z/ACWEconMapOld.aia.lev1_euv_12s.2010-07-21T220009Z.193.image_lev1.fits.npz,202.1683211326599
2010-07-21T230002Z/ACWEconMapOld.aia.lev1_euv_12s.2010-07-21T230009Z.193.image_lev1.fits.npz,192.11798763275146
2010-07-22T000002Z/ACWEconMapOld.aia.lev1_euv_12s.2010-07-22T000009Z.193.image_lev1.fits.npz,200.90428972244263
2010-07-22T010002Z/ACWEconMapOld.aia.lev1_euv_12s.2010-07-22T010009Z.193.image_lev1.fits.npz,195.18245315551758
2010-07-22T020002Z/ACWEconMapOld.aia.lev1_euv_12s.2010-07-22T020009Z.193.image_lev1.fits.npz,195.209308385849
2010-07-22T030002Z/ACWEconMapOld.aia.lev1_euv_12s.2010-07-22T030009Z.193.image_lev1.fits.npz,200.1364357471466
2010-07-22T040002Z/ACWEconMapOld.aia.lev1_euv_12s.2010-07-22T040009Z.193.image_lev1.fits.npz,201.96401596069336
2010-07-22T050002Z/ACWEconMapOld.aia.lev1_euv_12s.2010-07-22T050009Z.193.image_lev1.fits.npz,192.23260307312012
2010-07-22T060002Z/ACWEconMapOld.aia.lev1_euv_12s.2010-07-22T060009Z.193.image_lev1.fits.npz,199.8034327030182
2010-07-22T070002Z/ACWEconMapOld.aia.lev1_euv_12s.2010-07-22T070009Z.193.image_lev1.fits.npz,190.48031497001648
2010-07-22T080002Z/ACWEconMapOld.aia.lev1_euv_12s.2010-07-22T080009Z.193.image_lev1.fits.npz,205.6628360748291
2010-07-22T090002Z/ACWEconMapOld.aia.lev1_euv_12s.2010-07-22T090009Z.193.image_lev1.fits.npz,188.14678597450256
2010-07-22T100002Z/ACWEconMapOld.aia.lev1_euv_12s.2010-07-22T100009Z.193.image_lev1.fits.npz,189.15427446365356
2010-07-22T110002Z/ACWEconMapOld.aia.lev1_euv_12s.2010-07-22T110009Z.193.image_lev1.fits.npz,181.37032532691956
2010-07-22T120002Z/ACWEconMapOld.aia.lev1_euv_12s.2010-07-22T120009Z.193.image_lev1.fits.npz,189.9383659362793
2010-07-22T130002Z/ACWEconMapOld.aia.lev1_euv_12s.2010-07-22T130009Z.193.image_lev1.fits.npz,180.68985414505005
2010-07-22T140002Z/ACWEconMapOld.aia.lev1_euv_12s.2010-07-22T140009Z.193.image_lev1.fits.npz,183.3078808784485
2010-07-22T150002Z/ACWEconMapOld.aia.lev1_euv_12s.2010-07-22T150009Z.193.image_lev1.fits.npz,182.92289185523987
2010-07-22T160002Z/ACWEconMapOld.aia.lev1_euv_12s.2010-07-22T160009Z.193.image_lev1.fits.npz,193.3512840270996
2010-07-22T170002Z/ACWEconMapOld.aia.lev1_euv_12s.2010-07-22T170009Z.193.image_lev1.fits.npz,185.3432183265686
2010-07-22T180002Z/ACWEconMapOld.aia.lev1_euv_12s.2010-07-22T180009Z.193.image_lev1.fits.npz,181.90944147109985
2010-07-22T190002Z/ACWEconMapOld.aia.lev1_euv_12s.2010-07-22T190009Z.193.image_lev1.fits.npz,177.93668627738953
2010-07-22T220002Z/ACWEconMapOld.aia.lev1_euv_12s.2010-07-22T220009Z.193.image_lev1.fits.npz,182.47358584403992
2010-07-22T230002Z/ACWEconMapOld.aia.lev1_euv_12s.2010-07-22T230009Z.193.image_lev1.fits.npz,185.83526992797852
2010-07-23T000002Z/ACWEconMapOld.aia.lev1_euv_12s.2010-07-23T000009Z.193.image_lev1.fits.npz,183.29783177375793
2010-07-23T010002Z/ACWEconMapOld.aia.lev1_euv_12s.2010-07-23T010009Z.193.image_lev1.fits.npz,175.6043050289154
2010-07-23T020002Z/ACWEconMapOld.aia.lev1_euv_12s.2010-07-23T020009Z.193.image_lev1.fits.npz,176.9380407333374
2010-07-23T030002Z/ACWEconMapOld.aia.lev1_euv_12s.2010-07-23T030009Z.193.image_lev1.fits.npz,175.72025847434998
2010-07-23T040002Z/ACWEconMapOld.aia.lev1_euv_12s.2010-07-23T040009Z.193.image_lev1.fits.npz,177.13193726539612
2010-07-23T050002Z/ACWEconMapOld.aia.lev1_euv_12s.2010-07-23T050009Z.193.image_lev1.fits.npz,181.0771803855896
2010-07-23T060002Z/ACWEconMapOld.aia.lev1_euv_12s.2010-07-23T060009Z.193.image_lev1.fits.npz,176.58227491378784
2010-07-23T070002Z/ACWEconMapOld.aia.lev1_euv_12s.2010-07-23T070009Z.193.image_lev1.fits.npz,181.31546092033386
2010-07-23T080002Z/ACWEconMapOld.aia.lev1_euv_12s.2010-07-23T080009Z.193.image_lev1.fits.npz,183.6652054786682
2010-07-23T090002Z/ACWEconMapOld.aia.lev1_euv_12s.2010-07-23T090009Z.193.image_lev1.fits.npz,183.0260853767395
2010-07-23T100002Z/ACWEconMapOld.aia.lev1_euv_12s.2010-07-23T100009Z.193.image_lev1.fits.npz,183.01709151268005
2010-07-23T110002Z/ACWEconMapOld.aia.lev1_euv_12s.2010-07-23T110009Z.193.image_lev1.fits.npz,176.33156371116638
2010-07-23T120002Z/ACWEconMapOld.aia.lev1_euv_12s.2010-07-23T120009Z.193.image_lev1.fits.npz,183.6861608028412
2010-07-23T130002Z/ACWEconMapOld.aia.lev1_euv_12s.2010-07-23T130009Z.193.image_lev1.fits.npz,182.5664415359497
2010-07-23T140002Z/ACWEconMapOld.aia.lev1_euv_12s.2010-07-23T140009Z.193.image_lev1.fits.npz,158.15331268310547
2010-07-23T150002Z/ACWEconMapOld.aia.lev1_euv_12s.2010-07-23T150009Z.193.image_lev1.fits.npz,173.70780181884766
2010-07-23T160002Z/ACWEconMapOld.aia.lev1_euv_12s.2010-07-23T160009Z.193.image_lev1.fits.npz,177.29037618637085
2010-07-23T170002Z/ACWEconMapOld.aia.lev1_euv_12s.2010-07-23T170009Z.193.image_lev1.fits.npz,183.72737789154053
2010-07-23T180002Z/ACWEconMapOld.aia.lev1_euv_12s.2010-07-23T180009Z.193.image_lev1.fits.npz,175.17826437950134
2010-07-23T190002Z/ACWEconMapOld.aia.lev1_euv_12s.2010-07-23T190009Z.193.image_lev1.fits.npz,181.86701560020447
2010-07-23T200002Z/ACWEconMapOld.aia.lev1_euv_12s.2010-07-23T200009Z.193.image_lev1.fits.npz,178.67250108718872
2010-07-23T220002Z/ACWEconMapOld.aia.lev1_euv_12s.2010-07-23T220009Z.193.image_lev1.fits.npz,192.33423471450806
2010-07-23T230002Z/ACWEconMapOld.aia.lev1_euv_12s.2010-07-23T230009Z.193.image_lev1.fits.npz,209.66021823883057
2010-07-24T000002Z/ACWEconMapOld.aia.lev1_euv_12s.2010-07-24T000009Z.193.image_lev1.fits.npz,185.058575630188
2010-07-24T010002Z/ACWEconMapOld.aia.lev1_euv_12s.2010-07-24T010009Z.193.image_lev1.fits.npz,204.41709184646606
2010-07-24T020002Z/ACWEconMapOld.aia.lev1_euv_12s.2010-07-24T020009Z.193.image_lev1.fits.npz,191.0346360206604
2010-07-24T030002Z/ACWEconMapOld.aia.lev1_euv_12s.2010-07-24T030009Z.193.image_lev1.fits.npz,189.61601734161377
2010-07-24T040002Z/ACWEconMapOld.aia.lev1_euv_12s.2010-07-24T040009Z.193.image_lev1.fits.npz,182.91594409942627
2010-07-24T050002Z/ACWEconMapOld.aia.lev1_euv_12s.2010-07-24T050009Z.193.image_lev1.fits.npz,188.41142320632935
2010-07-24T060002Z/ACWEconMapOld.aia.lev1_euv_12s.2010-07-24T060009Z.193.image_lev1.fits.npz,177.37884092330933
2010-07-24T070002Z/ACWEconMapOld.aia.lev1_euv_12s.2010-07-24T070009Z.193.image_lev1.fits.npz,179.55353832244873
2010-07-24T080002Z/ACWEconMapOld.aia.lev1_euv_12s.2010-07-24T080009Z.193.image_lev1.fits.npz,180.92222476005554
2010-07-24T090002Z/ACWEconMapOld.aia.lev1_euv_12s.2010-07-24T090009Z.193.image_lev1.fits.npz,175.8616771697998
2010-07-24T100002Z/ACWEconMapOld.aia.lev1_euv_12s.2010-07-24T100009Z.193.image_lev1.fits.npz,182.41917490959167
2010-07-24T110002Z/ACWEconMapOld.aia.lev1_euv_12s.2010-07-24T110009Z.193.image_lev1.fits.npz,181.3297836780548
2010-07-24T120002Z/ACWEconMapOld.aia.lev1_euv_12s.2010-07-24T120009Z.193.image_lev1.fits.npz,183.95047402381897
2010-07-24T130002Z/ACWEconMapOld.aia.lev1_euv_12s.2010-07-24T130009Z.193.image_lev1.fits.npz,178.78362441062927
2010-07-24T140002Z/ACWEconMapOld.aia.lev1_euv_12s.2010-07-24T140009Z.193.image_lev1.fits.npz,195.83312487602234
2010-07-24T150002Z/ACWEconMapOld.aia.lev1_euv_12s.2010-07-24T150009Z.193.image_lev1.fits.npz,180.4374394416809
2010-07-24T160002Z/ACWEconMapOld.aia.lev1_euv_12s.2010-07-24T160009Z.193.image_lev1.fits.npz,180.8749885559082
2010-07-24T170002Z/ACWEconMapOld.aia.lev1_euv_12s.2010-07-24T170009Z.193.image_lev1.fits.npz,182.61777591705322
2010-07-24T180002Z/ACWEconMapOld.aia.lev1_euv_12s.2010-07-24T180009Z.193.image_lev1.fits.npz,179.96050119400024
2010-07-24T190002Z/ACWEconMapOld.aia.lev1_euv_12s.2010-07-24T190009Z.193.image_lev1.fits.npz,178.77582263946533
2010-07-24T200002Z/ACWEconMapOld.aia.lev1_euv_12s.2010-07-24T200009Z.193.image_lev1.fits.npz,180.1834123134613
2010-07-24T220002Z/ACWEconMapOld.aia.lev1_euv_12s.2010-07-24T220009Z.193.image_lev1.fits.npz,173.83157110214233
2010-07-24T230002Z/ACWEconMapOld.aia.lev1_euv_12s.2010-07-24T230009Z.193.image_lev1.fits.npz,180.8780393600464
2010-07-25T000002Z/ACWEconMapOld.aia.lev1_euv_12s.2010-07-25T000009Z.193.image_lev1.fits.npz,179.24761772155762
2010-07-25T010002Z/ACWEconMapOld.aia.lev1_euv_12s.2010-07-25T010009Z.193.image_lev1.fits.npz,190.86434507369995
2010-07-25T020002Z/ACWEconMapOld.aia.lev1_euv_12s.2010-07-25T020009Z.193.image_lev1.fits.npz,177.244473695755
2010-07-25T030002Z/ACWEconMapOld.aia.lev1_euv_12s.2010-07-25T030009Z.193.image_lev1.fits.npz,193.7482395172119
2010-07-25T040002Z/ACWEconMapOld.aia.lev1_euv_12s.2010-07-25T040009Z.193.image_lev1.fits.npz,194.41817927360535
2010-07-25T050002Z/ACWEconMapOld.aia.lev1_euv_12s.2010-07-25T050009Z.193.image_lev1.fits.npz,192.82177734375
2010-07-25T060002Z/ACWEconMapOld.aia.lev1_euv_12s.2010-07-25T060009Z.193.image_lev1.fits.npz,192.87226748466492
2010-07-25T070002Z/ACWEconMapOld.aia.lev1_euv_12s.2010-07-25T070009Z.193.image_lev1.fits.npz,162.5035264492035
2010-07-25T080002Z/ACWEconMapOld.aia.lev1_euv_12s.2010-07-25T080009Z.193.image_lev1.fits.npz,184.217777967453
2010-07-25T090002Z/ACWEconMapOld.aia.lev1_euv_12s.2010-07-25T090009Z.193.image_lev1.fits.npz,189.42612385749817
2010-07-25T100002Z/ACWEconMapOld.aia.lev1_euv_12s.2010-07-25T100009Z.193.image_lev1.fits.npz,182.60559749603271
2010-07-25T110002Z/ACWEconMapOld.aia.lev1_euv_12s.2010-07-25T110009Z.193.image_lev1.fits.npz,177.17473316192627
2010-07-25T120002Z/ACWEconMapOld.aia.lev1_euv_12s.2010-07-25T120009Z.193.image_lev1.fits.npz,179.53236079216003
2010-07-25T130002Z/ACWEconMapOld.aia.lev1_euv_12s.2010-07-25T130009Z.193.image_lev1.fits.npz,178.5257065296173
2010-07-25T140002Z/ACWEconMapOld.aia.lev1_euv_12s.2010-07-25T140009Z.193.image_lev1.fits.npz,183.00967812538147
2010-07-25T150002Z/ACWEconMapOld.aia.lev1_euv_12s.2010-07-25T150009Z.193.image_lev1.fits.npz,183.20542550086975
2010-07-25T160002Z/ACWEconMapOld.aia.lev1_euv_12s.2010-07-25T160009Z.193.image_lev1.fits.npz,179.18861722946167
2010-07-25T170002Z/ACWEconMapOld.aia.lev1_euv_12s.2010-07-25T170009Z.193.image_lev1.fits.npz,184.9925878047943
2010-07-25T180002Z/ACWEconMapOld.aia.lev1_euv_12s.2010-07-25T180009Z.193.image_lev1.fits.npz,182.75364136695862
2010-07-25T190002Z/ACWEconMapOld.aia.lev1_euv_12s.2010-07-25T190009Z.193.image_lev1.fits.npz,181.81067633628845
2010-07-25T200002Z/ACWEconMapOld.aia.lev1_euv_12s.2010-07-25T200009Z.193.image_lev1.fits.npz,181.98403120040894
2010-07-25T220002Z/ACWEconMapOld.aia.lev1_euv_12s.2010-07-25T220009Z.193.image_lev1.fits.npz,177.49417972564697
2010-07-25T230002Z/ACWEconMapOld.aia.lev1_euv_12s.2010-07-25T230009Z.193.image_lev1.fits.npz,156.8511734008789
2010-07-26T000002Z/ACWEconMapOld.aia.lev1_euv_12s.2010-07-26T000009Z.193.image_lev1.fits.npz,176.8484344482422
2010-07-26T010002Z/ACWEconMapOld.aia.lev1_euv_12s.2010-07-26T010009Z.193.image_lev1.fits.npz,176.21793723106384
2010-07-26T020002Z/ACWEconMapOld.aia.lev1_euv_12s.2010-07-26T020009Z.193.image_lev1.fits.npz,174.43510127067566
2010-07-26T030002Z/ACWEconMapOld.aia.lev1_euv_12s.2010-07-26T030009Z.193.image_lev1.fits.npz,174.80936193466187
2010-07-26T040002Z/ACWEconMapOld.aia.lev1_euv_12s.2010-07-26T040009Z.193.image_lev1.fits.npz,171.17265558242798
2010-07-26T050002Z/ACWEconMapOld.aia.lev1_euv_12s.2010-07-26T050009Z.193.image_lev1.fits.npz,173.51170182228088
2010-07-26T060002Z/ACWEconMapOld.aia.lev1_euv_12s.2010-07-26T060009Z.193.image_lev1.fits.npz,165.80972623825073
2010-07-26T070002Z/ACWEconMapOld.aia.lev1_euv_12s.2010-07-26T070009Z.193.image_lev1.fits.npz,170.7845277786255
2010-07-26T080002Z/ACWEconMapOld.aia.lev1_euv_12s.2010-07-26T080009Z.193.image_lev1.fits.npz,172.89985537528992
2010-07-26T090002Z/ACWEconMapOld.aia.lev1_euv_12s.2010-07-26T090009Z.193.image_lev1.fits.npz,169.17993235588074
2010-07-26T100002Z/ACWEconMapOld.aia.lev1_euv_12s.2010-07-26T100009Z.193.image_lev1.fits.npz,167.05457949638367
2010-07-26T110002Z/ACWEconMapOld.aia.lev1_euv_12s.2010-07-26T110009Z.193.image_lev1.fits.npz,172.53375959396362
2010-07-26T120002Z/ACWEconMapOld.aia.lev1_euv_12s.2010-07-26T120009Z.193.image_lev1.fits.npz,169.23213148117065
2010-07-26T130002Z/ACWEconMapOld.aia.lev1_euv_12s.2010-07-26T130009Z.193.image_lev1.fits.npz,171.32470607757568
2010-07-26T140002Z/ACWEconMapOld.aia.lev1_euv_12s.2010-07-26T140009Z.193.image_lev1.fits.npz,174.85761380195618
2010-07-26T150002Z/ACWEconMapOld.aia.lev1_euv_12s.2010-07-26T150009Z.193.image_lev1.fits.npz,171.9097125530243
2010-07-26T160002Z/ACWEconMapOld.aia.lev1_euv_12s.2010-07-26T160009Z.193.image_lev1.fits.npz,171.7090847492218
2010-07-26T170002Z/ACWEconMapOld.aia.lev1_euv_12s.2010-07-26T170009Z.193.image_lev1.fits.npz,169.76703143119812
2010-07-26T180002Z/ACWEconMapOld.aia.lev1_euv_12s.2010-07-26T180009Z.193.image_lev1.fits.npz,173.37639904022217
2010-07-26T190002Z/ACWEconMapOld.aia.lev1_euv_12s.2010-07-26T190009Z.193.image_lev1.fits.npz,176.61391758918762
2010-07-26T200002Z/ACWEconMapOld.aia.lev1_euv_12s.2010-07-26T200009Z.193.image_lev1.fits.npz,168.95606803894043
2010-07-26T220002Z/ACWEconMapOld.aia.lev1_euv_12s.2010-07-26T220009Z.193.image_lev1.fits.npz,173.28181147575378
2010-07-26T230002Z/ACWEconMapOld.aia.lev1_euv_12s.2010-07-26T230009Z.193.image_lev1.fits.npz,176.89403772354126
2010-07-27T000002Z/ACWEconMapOld.aia.lev1_euv_12s.2010-07-27T000009Z.193.image_lev1.fits.npz,170.63098073005676
2010-07-27T010002Z/ACWEconMapOld.aia.lev1_euv_12s.2010-07-27T010009Z.193.image_lev1.fits.npz,175.6886808872223
2010-07-27T020002Z/ACWEconMapOld.aia.lev1_euv_12s.2010-07-27T020009Z.193.image_lev1.fits.npz,180.29509162902832
2010-07-27T030002Z/ACWEconMapOld.aia.lev1_euv_12s.2010-07-27T030009Z.193.image_lev1.fits.npz,187.06637573242188
2010-07-27T040002Z/ACWEconMapOld.aia.lev1_euv_12s.2010-07-27T040009Z.193.image_lev1.fits.npz,171.267240524292
2010-07-27T050002Z/ACWEconMapOld.aia.lev1_euv_12s.2010-07-27T050009Z.193.image_lev1.fits.npz,182.70168089866638
2010-07-27T060002Z/ACWEconMapOld.aia.lev1_euv_12s.2010-07-27T060009Z.193.image_lev1.fits.npz,190.1540219783783
2010-07-27T070002Z/ACWEconMapOld.aia.lev1_euv_12s.2010-07-27T070009Z.193.image_lev1.fits.npz,187.644766330719
2010-07-27T080002Z/ACWEconMapOld.aia.lev1_euv_12s.2010-07-27T080009Z.193.image_lev1.fits.npz,193.96254134178162
2010-07-27T090002Z/ACWEconMapOld.aia.lev1_euv_12s.2010-07-27T090009Z.193.image_lev1.fits.npz,189.2529103755951
2010-07-27T100002Z/ACWEconMapOld.aia.lev1_euv_12s.2010-07-27T100009Z.193.image_lev1.fits.npz,194.94802856445312
2010-07-27T110002Z/ACWEconMapOld.aia.lev1_euv_12s.2010-07-27T110009Z.193.image_lev1.fits.npz,189.6619188785553
2010-07-27T120002Z/ACWEconMapOld.aia.lev1_euv_12s.2010-07-27T120009Z.193.image_lev1.fits.npz,181.57526540756226
2010-07-27T130002Z/ACWEconMapOld.aia.lev1_euv_12s.2010-07-27T130009Z.193.image_lev1.fits.npz,187.334397315979
2010-07-27T140002Z/ACWEconMapOld.aia.lev1_euv_12s.2010-07-27T140009Z.193.image_lev1.fits.npz,177.09597969055176
2010-07-27T150002Z/ACWEconMapOld.aia.lev1_euv_12s.2010-07-27T150009Z.193.image_lev1.fits.npz,189.39599680900574
2010-07-27T160002Z/ACWEconMapOld.aia.lev1_euv_12s.2010-07-27T160009Z.193.image_lev1.fits.npz,185.92763257026672
2010-07-27T170002Z/ACWEconMapOld.aia.lev1_euv_12s.2010-07-27T170009Z.193.image_lev1.fits.npz,177.58840012550354
2010-07-27T180002Z/ACWEconMapOld.aia.lev1_euv_12s.2010-07-27T180009Z.193.image_lev1.fits.npz,192.32640504837036
2010-07-27T190002Z/ACWEconMapOld.aia.lev1_euv_12s.2010-07-27T190009Z.193.image_lev1.fits.npz,183.28010773658752
2010-07-27T200002Z/ACWEconMapOld.aia.lev1_euv_12s.2010-07-27T200009Z.193.image_lev1.fits.npz,186.9640598297119
2010-07-29T220002Z/ACWEconMapOld.aia.lev1_euv_12s.2010-07-29T220009Z.193.image_lev1.fits.npz,191.2807981967926
2010-07-29T230002Z/ACWEconMapOld.aia.lev1_euv_12s.2010-07-29T230009Z.193.image_lev1.fits.npz,183.13937664031982
2010-07-30T000002Z/ACWEconMapOld.aia.lev1_euv_12s.2010-07-30T000009Z.193.image_lev1.fits.npz,178.87832021713257
2010-07-30T010002Z/ACWEconMapOld.aia.lev1_euv_12s.2010-07-30T010009Z.193.image_lev1.fits.npz,183.1876208782196
2010-07-30T020002Z/ACWEconMapOld.aia.lev1_euv_12s.2010-07-30T020009Z.193.image_lev1.fits.npz,182.63153386116028
2010-07-30T030002Z/ACWEconMapOld.aia.lev1_euv_12s.2010-07-30T030009Z.193.image_lev1.fits.npz,196.38242864608765
2010-07-30T040002Z/ACWEconMapOld.aia.lev1_euv_12s.2010-07-30T040009Z.193.image_lev1.fits.npz,202.99800300598145
2010-07-30T050002Z/ACWEconMapOld.aia.lev1_euv_12s.2010-07-30T050009Z.193.image_lev1.fits.npz,190.0813455581665
2010-07-30T060002Z/ACWEconMapOld.aia.lev1_euv_12s.2010-07-30T060009Z.193.image_lev1.fits.npz,198.1101188659668
2010-07-30T070002Z/ACWEconMapOld.aia.lev1_euv_12s.2010-07-30T070009Z.193.image_lev1.fits.npz,204.04053473472595
2010-07-30T080002Z/ACWEconMapOld.aia.lev1_euv_12s.2010-07-30T080009Z.193.image_lev1.fits.npz,205.14357805252075
2010-07-30T090002Z/ACWEconMapOld.aia.lev1_euv_12s.2010-07-30T090009Z.193.image_lev1.fits.npz,197.75791192054749
2010-07-30T100002Z/ACWEconMapOld.aia.lev1_euv_12s.2010-07-30T100009Z.193.image_lev1.fits.npz,191.28324723243713
2010-07-30T110002Z/ACWEconMapOld.aia.lev1_euv_12s.2010-07-30T110009Z.193.image_lev1.fits.npz,188.75462245941162
2010-07-30T120002Z/ACWEconMapOld.aia.lev1_euv_12s.2010-07-30T120009Z.193.image_lev1.fits.npz,197.9952793121338
2010-07-30T130002Z/ACWEconMapOld.aia.lev1_euv_12s.2010-07-30T130009Z.193.image_lev1.fits.npz,190.77805614471436
2010-07-30T140002Z/ACWEconMapOld.aia.lev1_euv_12s.2010-07-30T140009Z.193.image_lev1.fits.npz,193.27352643013
2010-07-30T150002Z/ACWEconMapOld.aia.lev1_euv_12s.2010-07-30T150009Z.193.image_lev1.fits.npz,194.53035306930542
2010-07-30T160002Z/ACWEconMapOld.aia.lev1_euv_12s.2010-07-30T160009Z.193.image_lev1.fits.npz,181.73751187324524
2010-07-30T170002Z/ACWEconMapOld.aia.lev1_euv_12s.2010-07-30T170009Z.193.image_lev1.fits.npz,182.95763611793518
2010-07-30T180002Z/ACWEconMapOld.aia.lev1_euv_12s.2010-07-30T180009Z.193.image_lev1.fits.npz,202.44927525520325
2010-07-30T190002Z/ACWEconMapOld.aia.lev1_euv_12s.2010-07-30T190009Z.193.image_lev1.fits.npz,205.37876105308533
2010-07-30T200002Z/ACWEconMapOld.aia.lev1_euv_12s.2010-07-30T200009Z.193.image_lev1.fits.npz,193.61497473716736
2010-07-30T220002Z/ACWEconMapOld.aia.lev1_euv_12s.2010-07-30T220009Z.193.image_lev1.fits.npz,197.7431607246399
2010-07-30T230002Z/ACWEconMapOld.aia.lev1_euv_12s.2010-07-30T230009Z.193.image_lev1.fits.npz,201.29220533370972
2010-07-31T000002Z/ACWEconMapOld.aia.lev1_euv_12s.2010-07-31T000009Z.193.image_lev1.fits.npz,201.0930142402649
2010-07-31T010002Z/ACWEconMapOld.aia.lev1_euv_12s.2010-07-31T010009Z.193.image_lev1.fits.npz,201.65657091140747
2010-07-31T020002Z/ACWEconMapOld.aia.lev1_euv_12s.2010-07-31T020009Z.193.image_lev1.fits.npz,177.40114331245422
2010-07-31T030002Z/ACWEconMapOld.aia.lev1_euv_12s.2010-07-31T030009Z.193.image_lev1.fits.npz,185.40989208221436
2010-07-31T040002Z/ACWEconMapOld.aia.lev1_euv_12s.2010-07-31T040009Z.193.image_lev1.fits.npz,179.79857873916626
2010-07-31T050002Z/ACWEconMapOld.aia.lev1_euv_12s.2010-07-31T050009Z.193.image_lev1.fits.npz,195.764084815979
2010-07-31T060002Z/ACWEconMapOld.aia.lev1_euv_12s.2010-07-31T060009Z.193.image_lev1.fits.npz,209.23129630088806
2010-07-31T070002Z/ACWEconMapOld.aia.lev1_euv_12s.2010-07-31T070009Z.193.image_lev1.fits.npz,184.2750961780548
2010-07-31T080002Z/ACWEconMapOld.aia.lev1_euv_12s.2010-07-31T080009Z.193.image_lev1.fits.npz,185.17020416259766
2010-07-31T090002Z/ACWEconMapOld.aia.lev1_euv_12s.2010-07-31T090009Z.193.image_lev1.fits.npz,186.8397662639618
2010-07-31T100002Z/ACWEconMapOld.aia.lev1_euv_12s.2010-07-31T100009Z.193.image_lev1.fits.npz,183.57449984550476
2010-07-31T110002Z/ACWEconMapOld.aia.lev1_euv_12s.2010-07-31T110009Z.193.image_lev1.fits.npz,195.5284104347229
2010-07-31T120002Z/ACWEconMapOld.aia.lev1_euv_12s.2010-07-31T120009Z.193.image_lev1.fits.npz,189.18818950653076
2010-07-31T130002Z/ACWEconMapOld.aia.lev1_euv_12s.2010-07-31T130009Z.193.image_lev1.fits.npz,189.16440844535828
2010-07-31T140002Z/ACWEconMapOld.aia.lev1_euv_12s.2010-07-31T140009Z.193.image_lev1.fits.npz,196.1745388507843
2010-07-31T150002Z/ACWEconMapOld.aia.lev1_euv_12s.2010-07-31T150009Z.193.image_lev1.fits.npz,198.72585678100586
2010-07-31T160002Z/ACWEconMapOld.aia.lev1_euv_12s.2010-07-31T160009Z.193.image_lev1.fits.npz,160.9835865497589
2010-07-31T170002Z/ACWEconMapOld.aia.lev1_euv_12s.2010-07-31T170009Z.193.image_lev1.fits.npz,213.33242654800415
2010-07-31T180002Z/ACWEconMapOld.aia.lev1_euv_12s.2010-07-31T180009Z.193.image_lev1.fits.npz,161.45649027824402
2010-07-31T190002Z/ACWEconMapOld.aia.lev1_euv_12s.2010-07-31T190009Z.193.image_lev1.fits.npz,174.35431146621704
2010-07-31T200002Z/ACWEconMapOld.aia.lev1_euv_12s.2010-07-31T200009Z.193.image_lev1.fits.npz,162.36709833145142
2010-07-31T220002Z/ACWEconMapOld.aia.lev1_euv_12s.2010-07-31T220009Z.193.image_lev1.fits.npz,161.93080353736877
2010-07-31T230002Z/ACWEconMapOld.aia.lev1_euv_12s.2010-07-31T230009Z.193.image_lev1.fits.npz,167.47434949874878
2010-08-01T000002Z/ACWEconMapOld.aia.lev1_euv_12s.2010-08-01T000009Z.193.image_lev1.fits.npz,188.55065774917603
2010-08-01T010002Z/ACWEconMapOld.aia.lev1_euv_12s.2010-08-01T010009Z.193.image_lev1.fits.npz,204.46172404289246
2010-08-01T020002Z/ACWEconMapOld.aia.lev1_euv_12s.2010-08-01T020009Z.193.image_lev1.fits.npz,164.5421621799469
2010-08-01T030002Z/ACWEconMapOld.aia.lev1_euv_12s.2010-08-01T030009Z.193.image_lev1.fits.npz,190.1695098876953
2010-08-01T040002Z/ACWEconMapOld.aia.lev1_euv_12s.2010-08-01T040009Z.193.image_lev1.fits.npz,186.1376838684082
2010-08-01T050002Z/ACWEconMapOld.aia.lev1_euv_12s.2010-08-01T050009Z.193.image_lev1.fits.npz,158.81935095787048
2010-08-01T060002Z/ACWEconMapOld.aia.lev1_euv_12s.2010-08-01T060009Z.193.image_lev1.fits.npz,153.45299792289734
2010-08-01T070002Z/ACWEconMapOld.aia.lev1_euv_12s.2010-08-01T070009Z.193.image_lev1.fits.npz,159.49881100654602
2010-08-01T080002Z/ACWEconMapOld.aia.lev1_euv_12s.2010-08-01T080009Z.193.image_lev1.fits.npz,150.76750564575195
2010-08-01T090002Z/ACWEconMapOld.aia.lev1_euv_12s.2010-08-01T090009Z.193.image_lev1.fits.npz,159.3035683631897
2010-08-01T100002Z/ACWEconMapOld.aia.lev1_euv_12s.2010-08-01T100009Z.193.image_lev1.fits.npz,176.31331038475037
2010-08-01T110002Z/ACWEconMapOld.aia.lev1_euv_12s.2010-08-01T110009Z.193.image_lev1.fits.npz,167.35928988456726
2010-08-01T120002Z/ACWEconMapOld.aia.lev1_euv_12s.2010-08-01T120009Z.193.image_lev1.fits.npz,189.06213545799255
2010-08-01T130002Z/ACWEconMapOld.aia.lev1_euv_12s.2010-08-01T130009Z.193.image_lev1.fits.npz,188.955468416214
2010-08-01T140002Z/ACWEconMapOld.aia.lev1_euv_12s.2010-08-01T140009Z.193.image_lev1.fits.npz,199.83988738059998
2010-08-01T150002Z/ACWEconMapOld.aia.lev1_euv_12s.2010-08-01T150009Z.193.image_lev1.fits.npz,225.25654697418213
2010-08-01T160002Z/ACWEconMapOld.aia.lev1_euv_12s.2010-08-01T160009Z.193.image_lev1.fits.npz,185.77256655693054
2010-08-01T170002Z/ACWEconMapOld.aia.lev1_euv_12s.2010-08-01T170009Z.193.image_lev1.fits.npz,206.8758761882782
2010-08-01T180002Z/ACWEconMapOld.aia.lev1_euv_12s.2010-08-01T180009Z.193.image_lev1.fits.npz,188.44098734855652
2010-08-01T190002Z/ACWEconMapOld.aia.lev1_euv_12s.2010-08-01T190009Z.193.image_lev1.fits.npz,186.17150616645813
2010-08-01T200002Z/ACWEconMapOld.aia.lev1_euv_12s.2010-08-01T200009Z.193.image_lev1.fits.npz,191.94992852210999
2010-08-01T220002Z/ACWEconMapOld.aia.lev1_euv_12s.2010-08-01T220009Z.193.image_lev1.fits.npz,180.36040234565735
2010-08-01T230002Z/ACWEconMapOld.aia.lev1_euv_12s.2010-08-01T230009Z.193.image_lev1.fits.npz,184.8412528038025
2010-08-02T000002Z/ACWEconMapOld.aia.lev1_euv_12s.2010-08-02T000009Z.193.image_lev1.fits.npz,184.1382794380188
2010-08-02T010002Z/ACWEconMapOld.aia.lev1_euv_12s.2010-08-02T010009Z.193.image_lev1.fits.npz,180.56138396263123
2010-08-02T020002Z/ACWEconMapOld.aia.lev1_euv_12s.2010-08-02T020009Z.193.image_lev1.fits.npz,182.56602311134338
2010-08-02T030002Z/ACWEconMapOld.aia.lev1_euv_12s.2010-08-02T030009Z.193.image_lev1.fits.npz,169.6087028980255
2010-08-02T040002Z/ACWEconMapOld.aia.lev1_euv_12s.2010-08-02T040009Z.193.image_lev1.fits.npz,191.0252492427826
2010-08-02T050002Z/ACWEconMapOld.aia.lev1_euv_12s.2010-08-02T050009Z.193.image_lev1.fits.npz,180.50076174736023
2010-08-02T060002Z/ACWEconMapOld.aia.lev1_euv_12s.2010-08-02T060009Z.193.image_lev1.fits.npz,169.15996837615967
2010-08-02T070002Z/ACWEconMapOld.aia.lev1_euv_12s.2010-08-02T070009Z.193.image_lev1.fits.npz,163.0886311531067
2010-08-02T080002Z/ACWEconMapOld.aia.lev1_euv_12s.2010-08-02T080009Z.193.image_lev1.fits.npz,198.30751037597656
2010-08-02T090002Z/ACWEconMapOld.aia.lev1_euv_12s.2010-08-02T090009Z.193.image_lev1.fits.npz,189.77306985855103
2010-08-02T100002Z/ACWEconMapOld.aia.lev1_euv_12s.2010-08-02T100009Z.193.image_lev1.fits.npz,175.9921796321869
2010-08-02T110002Z/ACWEconMapOld.aia.lev1_euv_12s.2010-08-02T110009Z.193.image_lev1.fits.npz,164.53871488571167
2010-08-02T120002Z/ACWEconMapOld.aia.lev1_euv_12s.2010-08-02T120009Z.193.image_lev1.fits.npz,164.1073923110962
2010-08-02T130002Z/ACWEconMapOld.aia.lev1_euv_12s.2010-08-02T130009Z.193.image_lev1.fits.npz,165.00617718696594
2010-08-02T140002Z/ACWEconMapOld.aia.lev1_euv_12s.2010-08-02T140009Z.193.image_lev1.fits.npz,163.86904191970825
2010-08-02T150002Z/ACWEconMapOld.aia.lev1_euv_12s.2010-08-02T150009Z.193.image_lev1.fits.npz,179.0697479248047
2010-08-02T160002Z/ACWEconMapOld.aia.lev1_euv_12s.2010-08-02T160009Z.193.image_lev1.fits.npz,163.46687960624695
2010-08-02T170002Z/ACWEconMapOld.aia.lev1_euv_12s.2010-08-02T170009Z.193.image_lev1.fits.npz,176.71029829978943
2010-08-02T180002Z/ACWEconMapOld.aia.lev1_euv_12s.2010-08-02T180009Z.193.image_lev1.fits.npz,174.60265398025513
2010-08-02T190002Z/ACWEconMapOld.aia.lev1_euv_12s.2010-08-02T190009Z.193.image_lev1.fits.npz,173.19737648963928
2010-08-02T200002Z/ACWEconMapOld.aia.lev1_euv_12s.2010-08-02T200009Z.193.image_lev1.fits.npz,178.21687841415405
2010-08-02T220002Z/ACWEconMapOld.aia.lev1_euv_12s.2010-08-02T220009Z.193.image_lev1.fits.npz,181.1603240966797
2010-08-02T230002Z/ACWEconMapOld.aia.lev1_euv_12s.2010-08-02T230009Z.193.image_lev1.fits.npz,165.94724774360657
2010-08-03T000002Z/ACWEconMapOld.aia.lev1_euv_12s.2010-08-03T000009Z.193.image_lev1.fits.npz,185.4635889530182
2010-08-03T010002Z/ACWEconMapOld.aia.lev1_euv_12s.2010-08-03T010009Z.193.image_lev1.fits.npz,167.35914611816406
2010-08-03T020002Z/ACWEconMapOld.aia.lev1_euv_12s.2010-08-03T020009Z.193.image_lev1.fits.npz,183.97023248672485
2010-08-03T030002Z/ACWEconMapOld.aia.lev1_euv_12s.2010-08-03T030009Z.193.image_lev1.fits.npz,174.45981669425964
2010-08-03T040002Z/ACWEconMapOld.aia.lev1_euv_12s.2010-08-03T040009Z.193.image_lev1.fits.npz,171.66534948349
2010-08-03T050002Z/ACWEconMapOld.aia.lev1_euv_12s.2010-08-03T050009Z.193.image_lev1.fits.npz,172.80362558364868
2010-08-03T060002Z/ACWEconMapOld.aia.lev1_euv_12s.2010-08-03T060009Z.193.image_lev1.fits.npz,177.4940061569214
2010-08-03T070002Z/ACWEconMapOld.aia.lev1_euv_12s.2010-08-03T070009Z.193.image_lev1.fits.npz,180.79345393180847
2010-08-03T080002Z/ACWEconMapOld.aia.lev1_euv_12s.2010-08-03T080009Z.193.image_lev1.fits.npz,179.66400051116943
2010-08-03T090002Z/ACWEconMapOld.aia.lev1_euv_12s.2010-08-03T090009Z.193.image_lev1.fits.npz,180.8526349067688
2010-08-03T100002Z/ACWEconMapOld.aia.lev1_euv_12s.2010-08-03T100009Z.193.image_lev1.fits.npz,177.1828212738037
2010-08-03T110002Z/ACWEconMapOld.aia.lev1_euv_12s.2010-08-03T110009Z.193.image_lev1.fits.npz,180.0034580230713
2010-08-03T120002Z/ACWEconMapOld.aia.lev1_euv_12s.2010-08-03T120009Z.193.image_lev1.fits.npz,180.35290718078613
2010-08-03T130002Z/ACWEconMapOld.aia.lev1_euv_12s.2010-08-03T130009Z.193.image_lev1.fits.npz,211.8862645626068
2010-08-03T140002Z/ACWEconMapOld.aia.lev1_euv_12s.2010-08-03T140009Z.193.image_lev1.fits.npz,180.31704592704773
2010-08-03T150002Z/ACWEconMapOld.aia.lev1_euv_12s.2010-08-03T150009Z.193.image_lev1.fits.npz,177.50540685653687
2010-08-03T160002Z/ACWEconMapOld.aia.lev1_euv_12s.2010-08-03T160009Z.193.image_lev1.fits.npz,177.7576334476471
2010-08-03T170002Z/ACWEconMapOld.aia.lev1_euv_12s.2010-08-03T170009Z.193.image_lev1.fits.npz,176.3857479095459
2010-08-03T180002Z/ACWEconMapOld.aia.lev1_euv_12s.2010-08-03T180009Z.193.image_lev1.fits.npz,173.52091717720032
2010-08-03T190002Z/ACWEconMapOld.aia.lev1_euv_12s.2010-08-03T190009Z.193.image_lev1.fits.npz,178.93650102615356
2010-08-03T200002Z/ACWEconMapOld.aia.lev1_euv_12s.2010-08-03T200009Z.193.image_lev1.fits.npz,172.60189962387085
2010-08-03T220002Z/ACWEconMapOld.aia.lev1_euv_12s.2010-08-03T220009Z.193.image_lev1.fits.npz,169.29741430282593
2010-08-03T230002Z/ACWEconMapOld.aia.lev1_euv_12s.2010-08-03T230009Z.193.image_lev1.fits.npz,161.11557698249817
2010-08-04T000002Z/ACWEconMapOld.aia.lev1_euv_12s.2010-08-04T000009Z.193.image_lev1.fits.npz,174.16192245483398
2010-08-04T010002Z/ACWEconMapOld.aia.lev1_euv_12s.2010-08-04T010009Z.193.image_lev1.fits.npz,175.6974229812622
2010-08-04T020002Z/ACWEconMapOld.aia.lev1_euv_12s.2010-08-04T020009Z.193.image_lev1.fits.npz,184.37515902519226
2010-08-04T030002Z/ACWEconMapOld.aia.lev1_euv_12s.2010-08-04T030009Z.193.image_lev1.fits.npz,195.4478964805603
2010-08-04T040002Z/ACWEconMapOld.aia.lev1_euv_12s.2010-08-04T040009Z.193.image_lev1.fits.npz,172.57579398155212
2010-08-04T050002Z/ACWEconMapOld.aia.lev1_euv_12s.2010-08-04T050009Z.193.image_lev1.fits.npz,161.14737033843994
2010-08-04T060002Z/ACWEconMapOld.aia.lev1_euv_12s.2010-08-04T060009Z.193.image_lev1.fits.npz,165.28483319282532
2010-08-04T070002Z/ACWEconMapOld.aia.lev1_euv_12s.2010-08-04T070009Z.193.image_lev1.fits.npz,159.39410853385925
2010-08-04T080002Z/ACWEconMapOld.aia.lev1_euv_12s.2010-08-04T080009Z.193.image_lev1.fits.npz,159.93743324279785
2010-08-04T090002Z/ACWEconMapOld.aia.lev1_euv_12s.2010-08-04T090009Z.193.image_lev1.fits.npz,165.4940185546875
2010-08-04T100002Z/ACWEconMapOld.aia.lev1_euv_12s.2010-08-04T100009Z.193.image_lev1.fits.npz,161.84684038162231
2010-08-04T110002Z/ACWEconMapOld.aia.lev1_euv_12s.2010-08-04T110009Z.193.image_lev1.fits.npz,170.58372235298157
2010-08-04T120002Z/ACWEconMapOld.aia.lev1_euv_12s.2010-08-04T120009Z.193.image_lev1.fits.npz,163.93964862823486
2010-08-04T130002Z/ACWEconMapOld.aia.lev1_euv_12s.2010-08-04T130009Z.193.image_lev1.fits.npz,165.63191437721252
2010-08-04T140002Z/ACWEconMapOld.aia.lev1_euv_12s.2010-08-04T140009Z.193.image_lev1.fits.npz,164.9138627052307
2010-08-04T150002Z/ACWEconMapOld.aia.lev1_euv_12s.2010-08-04T150009Z.193.image_lev1.fits.npz,169.6360559463501
2010-08-04T160002Z/ACWEconMapOld.aia.lev1_euv_12s.2010-08-04T160009Z.193.image_lev1.fits.npz,167.5733757019043
2010-08-04T170002Z/ACWEconMapOld.aia.lev1_euv_12s.2010-08-04T170009Z.193.image_lev1.fits.npz,166.21922826766968
2010-08-04T180002Z/ACWEconMapOld.aia.lev1_euv_12s.2010-08-04T180009Z.193.image_lev1.fits.npz,164.91197323799133
2010-08-04T190002Z/ACWEconMapOld.aia.lev1_euv_12s.2010-08-04T190009Z.193.image_lev1.fits.npz,161.55928087234497
2010-08-04T200002Z/ACWEconMapOld.aia.lev1_euv_12s.2010-08-04T200009Z.193.image_lev1.fits.npz,162.952734708786
2010-08-04T220002Z/ACWEconMapOld.aia.lev1_euv_12s.2010-08-04T220009Z.193.image_lev1.fits.npz,165.05533576011658
2010-08-04T230002Z/ACWEconMapOld.aia.lev1_euv_12s.2010-08-04T230009Z.193.image_lev1.fits.npz,198.99451398849487
2010-08-05T000002Z/ACWEconMapOld.aia.lev1_euv_12s.2010-08-05T000009Z.193.image_lev1.fits.npz,207.95245242118835
2010-08-05T010002Z/ACWEconMapOld.aia.lev1_euv_12s.2010-08-05T010009Z.193.image_lev1.fits.npz,198.52046370506287
2010-08-05T020002Z/ACWEconMapOld.aia.lev1_euv_12s.2010-08-05T020009Z.193.image_lev1.fits.npz,165.81780743598938
2010-08-05T030002Z/ACWEconMapOld.aia.lev1_euv_12s.2010-08-05T030009Z.193.image_lev1.fits.npz,199.86879897117615
2010-08-05T040002Z/ACWEconMapOld.aia.lev1_euv_12s.2010-08-05T040009Z.193.image_lev1.fits.npz,215.72993421554565
2010-08-05T050002Z/ACWEconMapOld.aia.lev1_euv_12s.2010-08-05T050009Z.193.image_lev1.fits.npz,213.80342030525208
2010-08-05T060002Z/ACWEconMapOld.aia.lev1_euv_12s.2010-08-05T060009Z.193.image_lev1.fits.npz,207.56509113311768
2010-08-05T070002Z/ACWEconMapOld.aia.lev1_euv_12s.2010-08-05T070009Z.193.image_lev1.fits.npz,227.97457790374756
2010-08-05T080002Z/ACWEconMapOld.aia.lev1_euv_12s.2010-08-05T080009Z.193.image_lev1.fits.npz,216.14299631118774
2010-08-05T090002Z/ACWEconMapOld.aia.lev1_euv_12s.2010-08-05T090009Z.193.image_lev1.fits.npz,207.16098284721375
2010-08-05T100002Z/ACWEconMapOld.aia.lev1_euv_12s.2010-08-05T100009Z.193.image_lev1.fits.npz,212.0742781162262
2010-08-05T110002Z/ACWEconMapOld.aia.lev1_euv_12s.2010-08-05T110009Z.193.image_lev1.fits.npz,214.9851393699646
2010-08-05T120002Z/ACWEconMapOld.aia.lev1_euv_12s.2010-08-05T120009Z.193.image_lev1.fits.npz,225.18487000465393
2010-08-05T130002Z/ACWEconMapOld.aia.lev1_euv_12s.2010-08-05T130009Z.193.image_lev1.fits.npz,233.06935501098633
2010-08-05T140002Z/ACWEconMapOld.aia.lev1_euv_12s.2010-08-05T140009Z.193.image_lev1.fits.npz,235.61033654212952
2010-08-05T150002Z/ACWEconMapOld.aia.lev1_euv_12s.2010-08-05T150009Z.193.image_lev1.fits.npz,242.70722103118896
2010-08-05T160002Z/ACWEconMapOld.aia.lev1_euv_12s.2010-08-05T160009Z.193.image_lev1.fits.npz,253.74436974525452
2010-08-05T170002Z/ACWEconMapOld.aia.lev1_euv_12s.2010-08-05T170009Z.193.image_lev1.fits.npz,159.5495822429657
2010-08-05T180002Z/ACWEconMapOld.aia.lev1_euv_12s.2010-08-05T180009Z.193.image_lev1.fits.npz,161.65174055099487
2010-08-05T190002Z/ACWEconMapOld.aia.lev1_euv_12s.2010-08-05T190009Z.193.image_lev1.fits.npz,235.5754692554474
2010-08-05T200002Z/ACWEconMapOld.aia.lev1_euv_12s.2010-08-05T200009Z.193.image_lev1.fits.npz,245.3985719680786
2010-08-05T220002Z/ACWEconMapOld.aia.lev1_euv_12s.2010-08-05T220009Z.193.image_lev1.fits.npz,252.9200963973999
2010-08-05T230002Z/ACWEconMapOld.aia.lev1_euv_12s.2010-08-05T230009Z.193.image_lev1.fits.npz,255.602965593338
2010-08-06T000002Z/ACWEconMapOld.aia.lev1_euv_12s.2010-08-06T000009Z.193.image_lev1.fits.npz,246.84819293022156
2010-08-06T010002Z/ACWEconMapOld.aia.lev1_euv_12s.2010-08-06T010009Z.193.image_lev1.fits.npz,250.61758947372437
2010-08-06T020002Z/ACWEconMapOld.aia.lev1_euv_12s.2010-08-06T020009Z.193.image_lev1.fits.npz,335.00646138191223
2010-08-06T030002Z/ACWEconMapOld.aia.lev1_euv_12s.2010-08-06T030009Z.193.image_lev1.fits.npz,302.01084566116333
2010-08-06T040002Z/ACWEconMapOld.aia.lev1_euv_12s.2010-08-06T040009Z.193.image_lev1.fits.npz,291.023179769516
2010-08-06T050002Z/ACWEconMapOld.aia.lev1_euv_12s.2010-08-06T050009Z.193.image_lev1.fits.npz,282.7442464828491
2010-08-06T060002Z/ACWEconMapOld.aia.lev1_euv_12s.2010-08-06T060009Z.193.image_lev1.fits.npz,313.94853496551514
2010-08-06T070002Z/ACWEconMapOld.aia.lev1_euv_12s.2010-08-06T070009Z.193.image_lev1.fits.npz,327.7491731643677
2010-08-06T080002Z/ACWEconMapOld.aia.lev1_euv_12s.2010-08-06T080009Z.193.image_lev1.fits.npz,350.44787073135376
2010-08-06T090002Z/ACWEconMapOld.aia.lev1_euv_12s.2010-08-06T090009Z.193.image_lev1.fits.npz,369.3810827732086
2010-08-06T100002Z/ACWEconMapOld.aia.lev1_euv_12s.2010-08-06T100009Z.193.image_lev1.fits.npz,321.68364000320435
2010-08-06T110002Z/ACWEconMapOld.aia.lev1_euv_12s.2010-08-06T110009Z.193.image_lev1.fits.npz,357.02703976631165
2010-08-06T120002Z/ACWEconMapOld.aia.lev1_euv_12s.2010-08-06T120009Z.193.image_lev1.fits.npz,353.63294315338135
2010-08-06T130002Z/ACWEconMapOld.aia.lev1_euv_12s.2010-08-06T130009Z.193.image_lev1.fits.npz,329.02282190322876
2010-08-06T140002Z/ACWEconMapOld.aia.lev1_euv_12s.2010-08-06T140009Z.193.image_lev1.fits.npz,313.9955916404724
2010-08-06T150002Z/ACWEconMapOld.aia.lev1_euv_12s.2010-08-06T150009Z.193.image_lev1.fits.npz,296.93227982521057
2010-08-06T160002Z/ACWEconMapOld.aia.lev1_euv_12s.2010-08-06T160009Z.193.image_lev1.fits.npz,313.26612305641174
2010-08-06T170002Z/ACWEconMapOld.aia.lev1_euv_12s.2010-08-06T170009Z.193.image_lev1.fits.npz,341.1992094516754
2010-08-06T180002Z/ACWEconMapOld.aia.lev1_euv_12s.2010-08-06T180009Z.193.image_lev1.fits.npz,359.8808138370514
2010-08-06T190002Z/ACWEconMapOld.aia.lev1_euv_12s.2010-08-06T190009Z.193.image_lev1.fits.npz,364.6435923576355
2010-08-06T200002Z/ACWEconMapOld.aia.lev1_euv_12s.2010-08-06T200009Z.193.image_lev1.fits.npz,312.36378717422485
2010-08-06T220002Z/ACWEconMapOld.aia.lev1_euv_12s.2010-08-06T220009Z.193.image_lev1.fits.npz,292.2310154438019
2010-08-06T230002Z/ACWEconMapOld.aia.lev1_euv_12s.2010-08-06T230009Z.193.image_lev1.fits.npz,256.8462722301483
2010-08-07T000002Z/ACWEconMapOld.aia.lev1_euv_12s.2010-08-07T000009Z.193.image_lev1.fits.npz,279.4461772441864
2010-08-07T010002Z/ACWEconMapOld.aia.lev1_euv_12s.2010-08-07T010009Z.193.image_lev1.fits.npz,274.4473125934601
2010-08-07T020002Z/ACWEconMapOld.aia.lev1_euv_12s.2010-08-07T020009Z.193.image_lev1.fits.npz,288.89582443237305
2010-08-07T030002Z/ACWEconMapOld.aia.lev1_euv_12s.2010-08-07T030009Z.193.image_lev1.fits.npz,254.1572027206421
2010-08-07T040002Z/ACWEconMapOld.aia.lev1_euv_12s.2010-08-07T040009Z.193.image_lev1.fits.npz,251.47833847999573
2010-08-07T050002Z/ACWEconMapOld.aia.lev1_euv_12s.2010-08-07T050009Z.193.image_lev1.fits.npz,269.6674733161926
2010-08-07T060002Z/ACWEconMapOld.aia.lev1_euv_12s.2010-08-07T060009Z.193.image_lev1.fits.npz,293.8324718475342
2010-08-07T070002Z/ACWEconMapOld.aia.lev1_euv_12s.2010-08-07T070009Z.193.image_lev1.fits.npz,322.81778860092163
2010-08-07T080002Z/ACWEconMapOld.aia.lev1_euv_12s.2010-08-07T080009Z.193.image_lev1.fits.npz,320.2278995513916
2010-08-07T090002Z/ACWEconMapOld.aia.lev1_euv_12s.2010-08-07T090009Z.193.image_lev1.fits.npz,287.1878137588501
2010-08-07T100002Z/ACWEconMapOld.aia.lev1_euv_12s.2010-08-07T100009Z.193.image_lev1.fits.npz,289.5696084499359
2010-08-07T110002Z/ACWEconMapOld.aia.lev1_euv_12s.2010-08-07T110009Z.193.image_lev1.fits.npz,296.4991753101349
2010-08-07T120002Z/ACWEconMapOld.aia.lev1_euv_12s.2010-08-07T120009Z.193.image_lev1.fits.npz,294.79176115989685
2010-08-07T130002Z/ACWEconMapOld.aia.lev1_euv_12s.2010-08-07T130009Z.193.image_lev1.fits.npz,271.7496712207794
2010-08-07T140002Z/ACWEconMapOld.aia.lev1_euv_12s.2010-08-07T140009Z.193.image_lev1.fits.npz,290.06947112083435
2010-08-07T150002Z/ACWEconMapOld.aia.lev1_euv_12s.2010-08-07T150009Z.193.image_lev1.fits.npz,256.72376132011414
2010-08-07T160002Z/ACWEconMapOld.aia.lev1_euv_12s.2010-08-07T160009Z.193.image_lev1.fits.npz,276.35935258865356
2010-08-07T170002Z/ACWEconMapOld.aia.lev1_euv_12s.2010-08-07T170009Z.193.image_lev1.fits.npz,199.32657051086426
2010-08-07T180002Z/ACWEconMapOld.aia.lev1_euv_12s.2010-08-07T180009Z.193.image_lev1.fits.npz,259.7165834903717
2010-08-07T190002Z/ACWEconMapOld.aia.lev1_euv_12s.2010-08-07T190009Z.193.image_lev1.fits.npz,266.7196717262268
2010-08-07T200002Z/ACWEconMapOld.aia.lev1_euv_12s.2010-08-07T200009Z.193.image_lev1.fits.npz,210.82465434074402
2010-08-07T220002Z/ACWEconMapOld.aia.lev1_euv_12s.2010-08-07T220009Z.193.image_lev1.fits.npz,231.2031548023224
2010-08-07T230002Z/ACWEconMapOld.aia.lev1_euv_12s.2010-08-07T230009Z.193.image_lev1.fits.npz,190.94888067245483
2010-08-08T000002Z/ACWEconMapOld.aia.lev1_euv_12s.2010-08-08T000009Z.193.image_lev1.fits.npz,191.87722325325012
2010-08-08T010002Z/ACWEconMapOld.aia.lev1_euv_12s.2010-08-08T010009Z.193.image_lev1.fits.npz,200.9604253768921
2010-08-08T020002Z/ACWEconMapOld.aia.lev1_euv_12s.2010-08-08T020009Z.193.image_lev1.fits.npz,194.1611750125885
2010-08-08T030002Z/ACWEconMapOld.aia.lev1_euv_12s.2010-08-08T030009Z.193.image_lev1.fits.npz,212.78645658493042
2010-08-08T040002Z/ACWEconMapOld.aia.lev1_euv_12s.2010-08-08T040009Z.193.image_lev1.fits.npz,217.52828431129456
2010-08-08T050002Z/ACWEconMapOld.aia.lev1_euv_12s.2010-08-08T050009Z.193.image_lev1.fits.npz,226.26855278015137
2010-08-08T060002Z/ACWEconMapOld.aia.lev1_euv_12s.2010-08-08T060009Z.193.image_lev1.fits.npz,195.37630939483643
2010-08-08T070002Z/ACWEconMapOld.aia.lev1_euv_12s.2010-08-08T070009Z.193.image_lev1.fits.npz,195.5216257572174
2010-08-08T080002Z/ACWEconMapOld.aia.lev1_euv_12s.2010-08-08T080009Z.193.image_lev1.fits.npz,186.56720352172852
2010-08-08T090002Z/ACWEconMapOld.aia.lev1_euv_12s.2010-08-08T090009Z.193.image_lev1.fits.npz,175.5427656173706
2010-08-08T100002Z/ACWEconMapOld.aia.lev1_euv_12s.2010-08-08T100009Z.193.image_lev1.fits.npz,167.70457673072815
2010-08-08T110002Z/ACWEconMapOld.aia.lev1_euv_12s.2010-08-08T110009Z.193.image_lev1.fits.npz,163.6057152748108
2010-08-08T120002Z/ACWEconMapOld.aia.lev1_euv_12s.2010-08-08T120009Z.193.image_lev1.fits.npz,166.38606452941895
2010-08-08T130002Z/ACWEconMapOld.aia.lev1_euv_12s.2010-08-08T130009Z.193.image_lev1.fits.npz,167.2389054298401
2010-08-08T140002Z/ACWEconMapOld.aia.lev1_euv_12s.2010-08-08T140009Z.193.image_lev1.fits.npz,167.49987363815308
2010-08-08T150002Z/ACWEconMapOld.aia.lev1_euv_12s.2010-08-08T150009Z.193.image_lev1.fits.npz,160.15075421333313
2010-08-08T160002Z/ACWEconMapOld.aia.lev1_euv_12s.2010-08-08T160009Z.193.image_lev1.fits.npz,161.76585602760315
2010-08-08T170002Z/ACWEconMapOld.aia.lev1_euv_12s.2010-08-08T170009Z.193.image_lev1.fits.npz,161.56429386138916
2010-08-08T180002Z/ACWEconMapOld.aia.lev1_euv_12s.2010-08-08T180009Z.193.image_lev1.fits.npz,163.07861042022705
2010-08-08T190002Z/ACWEconMapOld.aia.lev1_euv_12s.2010-08-08T190009Z.193.image_lev1.fits.npz,156.48235392570496
2010-08-08T200002Z/ACWEconMapOld.aia.lev1_euv_12s.2010-08-08T200009Z.193.image_lev1.fits.npz,157.5585503578186
2010-08-08T220002Z/ACWEconMapOld.aia.lev1_euv_12s.2010-08-08T220009Z.193.image_lev1.fits.npz,161.259521484375
2010-08-08T230002Z/ACWEconMapOld.aia.lev1_euv_12s.2010-08-08T230009Z.193.image_lev1.fits.npz,155.05420589447021
2010-08-09T000002Z/ACWEconMapOld.aia.lev1_euv_12s.2010-08-09T000009Z.193.image_lev1.fits.npz,153.88410067558289
2010-08-09T010002Z/ACWEconMapOld.aia.lev1_euv_12s.2010-08-09T010009Z.193.image_lev1.fits.npz,151.36716771125793
2010-08-09T020002Z/ACWEconMapOld.aia.lev1_euv_12s.2010-08-09T020009Z.193.image_lev1.fits.npz,156.3378758430481
2010-08-09T030002Z/ACWEconMapOld.aia.lev1_euv_12s.2010-08-09T030009Z.193.image_lev1.fits.npz,152.08644151687622
2010-08-09T040002Z/ACWEconMapOld.aia.lev1_euv_12s.2010-08-09T040009Z.193.image_lev1.fits.npz,152.99833273887634
2010-08-09T050002Z/ACWEconMapOld.aia.lev1_euv_12s.2010-08-09T050009Z.193.image_lev1.fits.npz,155.43839478492737
2010-08-09T060002Z/ACWEconMapOld.aia.lev1_euv_12s.2010-08-09T060009Z.193.image_lev1.fits.npz,150.97485733032227
2010-08-09T070002Z/ACWEconMapOld.aia.lev1_euv_12s.2010-08-09T070009Z.193.image_lev1.fits.npz,149.69093084335327
2010-08-09T080002Z/ACWEconMapOld.aia.lev1_euv_12s.2010-08-09T080009Z.193.image_lev1.fits.npz,151.64674472808838
2010-08-09T090002Z/ACWEconMapOld.aia.lev1_euv_12s.2010-08-09T090009Z.193.image_lev1.fits.npz,156.26829051971436
2010-08-09T100002Z/ACWEconMapOld.aia.lev1_euv_12s.2010-08-09T100009Z.193.image_lev1.fits.npz,150.03806805610657
2010-08-09T110002Z/ACWEconMapOld.aia.lev1_euv_12s.2010-08-09T110009Z.193.image_lev1.fits.npz,148.45451474189758
2010-08-09T120002Z/ACWEconMapOld.aia.lev1_euv_12s.2010-08-09T120009Z.193.image_lev1.fits.npz,151.08273577690125
2010-08-09T130002Z/ACWEconMapOld.aia.lev1_euv_12s.2010-08-09T130009Z.193.image_lev1.fits.npz,147.96356058120728
2010-08-09T140002Z/ACWEconMapOld.aia.lev1_euv_12s.2010-08-09T140009Z.193.image_lev1.fits.npz,153.51942014694214
